anak_id,tanggal,waktu,created_at
411,2025-09-05,03.36,3/11/2026 21:58:28
413,2025-09-01,03.36,3/11/2026 21:58:28
413,2025-09-02,03.36,3/11/2026 21:58:28
414,2025-09-01,03.36,3/11/2026 21:58:28
414,2025-09-02,03.36,3/11/2026 21:58:28
415,2025-09-01,03.36,3/11/2026 21:58:28
416,2025-09-01,03.36,3/11/2026 21:58:28
418,2025-09-01,03.36,3/11/2026 21:58:28
421,2025-09-01,03.36,3/11/2026 21:58:28
421,2025-09-02,03.36,3/11/2026 21:58:28
429,2025-09-01,03.36,3/11/2026 21:58:28
430,2025-09-01,03.36,3/11/2026 21:58:28
432,2025-09-01,03.36,3/11/2026 21:58:28
432,2025-09-02,03.36,3/11/2026 21:58:28
432,2025-09-03,03.36,3/11/2026 21:58:28
432,2025-09-04,03.36,3/11/2026 21:58:28
433,2025-09-01,03.36,3/11/2026 21:58:28
433,2025-09-02,03.36,3/11/2026 21:58:28
434,2025-09-01,03.36,3/11/2026 21:58:28
434,2025-09-02,03.36,3/11/2026 21:58:28
434,2025-09-03,03.36,3/11/2026 21:58:28
434,2025-09-04,03.36,3/11/2026 21:58:28
434,2025-09-05,03.36,3/11/2026 21:58:28
434,2025-09-08,03.36,3/11/2026 21:58:28
435,2025-09-01,03.36,3/11/2026 21:58:28
436,2025-09-01,03.36,3/11/2026 21:58:28
437,2025-09-01,03.36,3/11/2026 21:58:28
437,2025-09-02,03.36,3/11/2026 21:58:28
437,2025-09-03,03.36,3/11/2026 21:58:28
437,2025-09-04,03.36,3/11/2026 21:58:28
437,2025-09-05,03.36,3/11/2026 21:58:28
437,2025-09-08,03.36,3/11/2026 21:58:28
437,2025-09-09,03.36,3/11/2026 21:58:28
437,2025-09-10,03.36,3/11/2026 21:58:28
437,2025-09-11,03.36,3/11/2026 21:58:28
438,2025-09-01,03.36,3/11/2026 21:58:28
438,2025-09-02,03.36,3/11/2026 21:58:28
438,2025-09-03,03.36,3/11/2026 21:58:28
438,2025-09-04,03.36,3/11/2026 21:58:28
438,2025-09-05,03.36,3/11/2026 21:58:28
439,2025-09-01,03.36,3/11/2026 21:58:28
439,2025-09-02,03.36,3/11/2026 21:58:28
439,2025-09-03,03.36,3/11/2026 21:58:28
441,2025-09-01,03.36,3/11/2026 21:58:28
441,2025-09-02,03.36,3/11/2026 21:58:28
441,2025-09-03,03.36,3/11/2026 21:58:28
441,2025-09-04,03.36,3/11/2026 21:58:28
441,2025-09-05,03.36,3/11/2026 21:58:28
441,2025-09-08,03.36,3/11/2026 21:58:28
443,2025-09-01,03.36,3/11/2026 21:58:28
446,2025-09-01,03.36,3/11/2026 21:58:28
446,2025-09-02,03.36,3/11/2026 21:58:28
447,2025-09-01,03.36,3/11/2026 21:58:28
447,2025-09-02,03.36,3/11/2026 21:58:28
447,2025-09-03,03.36,3/11/2026 21:58:28
447,2025-09-04,03.36,3/11/2026 21:58:28
447,2025-09-05,03.36,3/11/2026 21:58:28
447,2025-09-08,03.36,3/11/2026 21:58:28
447,2025-09-09,03.36,3/11/2026 21:58:28
447,2025-09-10,03.36,3/11/2026 21:58:28
448,2025-09-01,03.36,3/11/2026 21:58:28
448,2025-09-02,03.36,3/11/2026 21:58:28
448,2025-09-03,03.36,3/11/2026 21:58:28
448,2025-09-04,03.36,3/11/2026 21:58:28
448,2025-09-05,03.36,3/11/2026 21:58:28
448,2025-09-08,03.36,3/11/2026 21:58:28
449,2025-09-01,03.36,3/11/2026 21:58:28
450,2025-09-01,03.36,3/11/2026 21:58:28
450,2025-09-02,03.36,3/11/2026 21:58:28
450,2025-09-03,03.36,3/11/2026 21:58:28
450,2025-09-04,03.36,3/11/2026 21:58:28
450,2025-09-05,03.36,3/11/2026 21:58:28
450,2025-09-08,03.36,3/11/2026 21:58:28
450,2025-09-09,03.36,3/11/2026 21:58:28
450,2025-09-10,03.36,3/11/2026 21:58:28
450,2025-09-11,03.36,3/11/2026 21:58:28
450,2025-09-12,03.36,3/11/2026 21:58:28
450,2025-09-15,03.36,3/11/2026 21:58:28
450,2025-09-16,03.36,3/11/2026 21:58:28
451,2025-09-01,03.36,3/11/2026 21:58:28
451,2025-09-02,03.36,3/11/2026 21:58:28
451,2025-09-03,03.36,3/11/2026 21:58:28
451,2025-09-04,03.36,3/11/2026 21:58:28
451,2025-09-05,03.36,3/11/2026 21:58:28
452,2025-09-01,03.36,3/11/2026 21:58:28
452,2025-09-02,03.36,3/11/2026 21:58:28
452,2025-09-03,03.36,3/11/2026 21:58:28
452,2025-09-04,03.36,3/11/2026 21:58:28
452,2025-09-05,03.36,3/11/2026 21:58:28
453,2025-09-01,03.36,3/11/2026 21:58:28
453,2025-09-02,03.36,3/11/2026 21:58:28
453,2025-09-03,03.36,3/11/2026 21:58:28
454,2025-09-01,03.36,3/11/2026 21:58:28
454,2025-09-02,03.36,3/11/2026 21:58:28
454,2025-09-03,03.36,3/11/2026 21:58:28
454,2025-09-04,03.36,3/11/2026 21:58:28
454,2025-09-05,03.36,3/11/2026 21:58:28
454,2025-09-08,03.36,3/11/2026 21:58:28
454,2025-09-09,03.36,3/11/2026 21:58:28
454,2025-09-10,03.36,3/11/2026 21:58:28
454,2025-09-11,03.36,3/11/2026 21:58:28
454,2025-09-12,03.36,3/11/2026 21:58:28
454,2025-09-15,03.36,3/11/2026 21:58:28
454,2025-09-16,03.36,3/11/2026 21:58:28
454,2025-09-17,03.36,3/11/2026 21:58:28
454,2025-09-18,03.36,3/11/2026 21:58:28
455,2025-09-01,03.36,3/11/2026 21:58:28
455,2025-09-02,03.36,3/11/2026 21:58:28
455,2025-09-03,03.36,3/11/2026 21:58:28
456,2025-09-01,03.36,3/11/2026 21:58:28
458,2025-09-01,03.36,3/11/2026 21:58:28
458,2025-09-02,03.36,3/11/2026 21:58:28
458,2025-09-03,03.36,3/11/2026 21:58:28
458,2025-09-04,03.36,3/11/2026 21:58:28
458,2025-09-05,03.36,3/11/2026 21:58:28
465,2025-09-01,03.36,3/11/2026 21:58:28
465,2025-09-02,03.36,3/11/2026 21:58:28
465,2025-09-03,03.36,3/11/2026 21:58:28
465,2025-09-04,03.36,3/11/2026 21:58:28
465,2025-09-05,03.36,3/11/2026 21:58:28
465,2025-09-08,03.36,3/11/2026 21:58:28
465,2025-09-09,03.36,3/11/2026 21:58:28
465,2025-09-10,03.36,3/11/2026 21:58:28
465,2025-09-11,03.36,3/11/2026 21:58:28
465,2025-09-12,03.36,3/11/2026 21:58:28
469,2025-09-01,03.36,3/11/2026 21:58:28
471,2025-09-01,03.36,3/11/2026 21:58:28
471,2025-09-02,03.36,3/11/2026 21:58:28
471,2025-09-03,03.36,3/11/2026 21:58:28
471,2025-09-04,03.36,3/11/2026 21:58:28
472,2025-09-01,03.36,3/11/2026 21:58:28
476,2025-09-01,03.36,3/11/2026 21:58:28
476,2025-09-02,03.36,3/11/2026 21:58:28
476,2025-09-03,03.36,3/11/2026 21:58:28
477,2025-09-01,03.36,3/11/2026 21:58:28
479,2025-09-01,03.36,3/11/2026 21:58:28
481,2025-09-01,03.36,3/11/2026 21:58:28
487,2025-09-01,03.36,3/11/2026 21:58:28
494,2025-09-01,03.36,3/11/2026 21:58:28
498,2025-09-01,03.36,3/11/2026 21:58:28
498,2025-09-02,03.36,3/11/2026 21:58:28
498,2025-09-03,03.36,3/11/2026 21:58:28
498,2025-09-04,03.36,3/11/2026 21:58:28
498,2025-09-05,03.36,3/11/2026 21:58:28
498,2025-09-08,03.36,3/11/2026 21:58:28
498,2025-09-09,03.36,3/11/2026 21:58:28
498,2025-09-10,03.36,3/11/2026 21:58:28
498,2025-09-11,03.36,3/11/2026 21:58:28
503,2025-09-01,03.36,3/11/2026 21:58:28
504,2025-09-01,03.36,3/11/2026 21:58:28
506,2025-09-01,03.36,3/11/2026 21:58:28
509,2025-09-01,03.36,3/11/2026 21:58:28
509,2025-09-02,03.36,3/11/2026 21:58:28
511,2025-09-01,03.36,3/11/2026 21:58:28
512,2025-09-01,03.36,3/11/2026 21:58:28
514,2025-09-01,03.36,3/11/2026 21:58:28
515,2025-09-01,03.36,3/11/2026 21:58:28
515,2025-09-02,03.36,3/11/2026 21:58:28
515,2025-09-03,03.36,3/11/2026 21:58:28
515,2025-09-04,03.36,3/11/2026 21:58:28
516,2025-09-01,03.36,3/11/2026 21:58:28
516,2025-09-02,03.36,3/11/2026 21:58:28
518,2025-09-01,03.36,3/11/2026 21:58:28
518,2025-09-02,03.36,3/11/2026 21:58:28
519,2025-09-01,03.36,3/11/2026 21:58:28
519,2025-09-02,03.36,3/11/2026 21:58:28
521,2025-09-01,03.36,3/11/2026 21:58:28
524,2025-09-01,03.36,3/11/2026 21:58:28
525,2025-09-01,03.36,3/11/2026 21:58:28
2,2025-10-01,03.36,3/11/2026 21:58:28
5,2025-10-01,03.36,3/11/2026 21:58:28
5,2025-10-02,03.36,3/11/2026 21:58:28
5,2025-10-03,03.36,3/11/2026 21:58:28
5,2025-10-06,03.36,3/11/2026 21:58:28
5,2025-10-07,03.36,3/11/2026 21:58:28
6,2025-10-01,03.36,3/11/2026 21:58:28
6,2025-10-02,03.36,3/11/2026 21:58:28
7,2025-10-01,03.36,3/11/2026 21:58:28
8,2025-10-01,03.36,3/11/2026 21:58:28
8,2025-10-02,03.36,3/11/2026 21:58:28
8,2025-10-03,03.36,3/11/2026 21:58:28
9,2025-10-01,03.36,3/11/2026 21:58:28
9,2025-10-02,03.36,3/11/2026 21:58:28
9,2025-10-03,03.36,3/11/2026 21:58:28
9,2025-10-06,03.36,3/11/2026 21:58:28
9,2025-10-07,03.36,3/11/2026 21:58:28
9,2025-10-08,03.36,3/11/2026 21:58:28
9,2025-10-09,03.36,3/11/2026 21:58:28
9,2025-10-10,03.36,3/11/2026 21:58:28
9,2025-10-13,03.36,3/11/2026 21:58:28
11,2025-10-01,03.36,3/11/2026 21:58:28
11,2025-10-02,03.36,3/11/2026 21:58:28
11,2025-10-03,03.36,3/11/2026 21:58:28
11,2025-10-06,03.36,3/11/2026 21:58:28
11,2025-10-07,03.36,3/11/2026 21:58:28
11,2025-10-08,03.36,3/11/2026 21:58:28
11,2025-10-09,03.36,3/11/2026 21:58:28
14,2025-10-01,03.36,3/11/2026 21:58:28
14,2025-10-02,03.36,3/11/2026 21:58:28
14,2025-10-03,03.36,3/11/2026 21:58:28
14,2025-10-06,03.36,3/11/2026 21:58:28
15,2025-10-01,03.36,3/11/2026 21:58:28
16,2025-10-01,03.36,3/11/2026 21:58:28
19,2025-10-01,03.36,3/11/2026 21:58:28
19,2025-10-02,03.36,3/11/2026 21:58:28
19,2025-10-03,03.36,3/11/2026 21:58:28
19,2025-10-06,03.36,3/11/2026 21:58:28
19,2025-10-07,03.36,3/11/2026 21:58:28
20,2025-10-01,03.36,3/11/2026 21:58:28
25,2025-10-01,03.36,3/11/2026 21:58:28
25,2025-10-02,03.36,3/11/2026 21:58:28
25,2025-10-03,03.36,3/11/2026 21:58:28
25,2025-10-06,03.36,3/11/2026 21:58:28
26,2025-10-01,03.36,3/11/2026 21:58:28
66,2025-10-01,03.36,3/11/2026 21:58:28
66,2025-10-02,03.36,3/11/2026 21:58:28
66,2025-10-03,03.36,3/11/2026 21:58:28
67,2025-10-01,03.36,3/11/2026 21:58:28
108,2025-10-01,03.36,3/11/2026 21:58:28
111,2025-10-01,03.36,3/11/2026 21:58:28
124,2025-10-01,03.36,3/11/2026 21:58:28
124,2025-10-02,03.36,3/11/2026 21:58:28
124,2025-10-03,03.36,3/11/2026 21:58:28
131,2025-10-01,03.36,3/11/2026 21:58:28
137,2025-10-01,03.36,3/11/2026 21:58:28
137,2025-10-02,03.36,3/11/2026 21:58:28
137,2025-10-03,03.36,3/11/2026 21:58:28
137,2025-10-06,03.36,3/11/2026 21:58:28
137,2025-10-07,03.36,3/11/2026 21:58:28
137,2025-10-08,03.36,3/11/2026 21:58:28
139,2025-10-01,03.36,3/11/2026 21:58:28
142,2025-10-01,03.36,3/11/2026 21:58:28
142,2025-10-02,03.36,3/11/2026 21:58:28
152,2025-10-01,03.36,3/11/2026 21:58:28
152,2025-10-02,03.36,3/11/2026 21:58:28
152,2025-10-03,03.36,3/11/2026 21:58:28
152,2025-10-06,03.36,3/11/2026 21:58:28
158,2025-10-01,03.36,3/11/2026 21:58:28
158,2025-10-02,03.36,3/11/2026 21:58:28
158,2025-10-03,03.36,3/11/2026 21:58:28
158,2025-10-06,03.36,3/11/2026 21:58:28
161,2025-10-01,03.36,3/11/2026 21:58:28
166,2025-10-01,03.36,3/11/2026 21:58:28
166,2025-10-02,03.36,3/11/2026 21:58:28
166,2025-10-03,03.36,3/11/2026 21:58:28
166,2025-10-06,03.36,3/11/2026 21:58:28
166,2025-10-07,03.36,3/11/2026 21:58:28
170,2025-10-01,03.36,3/11/2026 21:58:28
170,2025-10-02,03.36,3/11/2026 21:58:28
170,2025-10-03,03.36,3/11/2026 21:58:28
170,2025-10-06,03.36,3/11/2026 21:58:28
175,2025-10-01,03.36,3/11/2026 21:58:28
175,2025-10-02,03.36,3/11/2026 21:58:28
179,2025-10-01,03.36,3/11/2026 21:58:28
179,2025-10-02,03.36,3/11/2026 21:58:28
179,2025-10-03,03.36,3/11/2026 21:58:28
185,2025-10-01,03.36,3/11/2026 21:58:28
185,2025-10-02,03.36,3/11/2026 21:58:28
185,2025-10-03,03.36,3/11/2026 21:58:28
185,2025-10-06,03.36,3/11/2026 21:58:28
242,2025-10-01,03.36,3/11/2026 21:58:28
242,2025-10-02,03.36,3/11/2026 21:58:28
243,2025-10-01,03.36,3/11/2026 21:58:28
244,2025-10-01,03.36,3/11/2026 21:58:28
254,2025-10-01,03.36,3/11/2026 21:58:28
259,2025-10-01,03.36,3/11/2026 21:58:28
259,2025-10-02,03.36,3/11/2026 21:58:28
259,2025-10-03,03.36,3/11/2026 21:58:28
259,2025-10-06,03.36,3/11/2026 21:58:28
266,2025-10-01,03.36,3/11/2026 21:58:28
267,2025-10-01,03.36,3/11/2026 21:58:28
267,2025-10-02,03.36,3/11/2026 21:58:28
267,2025-10-03,03.36,3/11/2026 21:58:28
267,2025-10-06,03.36,3/11/2026 21:58:28
267,2025-10-07,03.36,3/11/2026 21:58:28
267,2025-10-08,03.36,3/11/2026 21:58:28
267,2025-10-09,03.36,3/11/2026 21:58:28
267,2025-10-10,03.36,3/11/2026 21:58:28
270,2025-10-01,03.36,3/11/2026 21:58:28
273,2025-10-01,03.36,3/11/2026 21:58:28
274,2025-10-01,03.36,3/11/2026 21:58:28
278,2025-10-01,03.36,3/11/2026 21:58:28
278,2025-10-02,03.36,3/11/2026 21:58:28
279,2025-10-01,03.36,3/11/2026 21:58:28
279,2025-10-02,03.36,3/11/2026 21:58:28
279,2025-10-03,03.36,3/11/2026 21:58:28
281,2025-10-01,03.36,3/11/2026 21:58:28
281,2025-10-02,03.36,3/11/2026 21:58:28
281,2025-10-03,03.36,3/11/2026 21:58:28
283,2025-10-01,03.36,3/11/2026 21:58:28
288,2025-10-01,03.36,3/11/2026 21:58:28
288,2025-10-02,03.36,3/11/2026 21:58:28
288,2025-10-03,03.36,3/11/2026 21:58:28
295,2025-10-01,03.36,3/11/2026 21:58:28
297,2025-10-01,03.36,3/11/2026 21:58:28
297,2025-10-02,03.36,3/11/2026 21:58:28
297,2025-10-03,03.36,3/11/2026 21:58:28
301,2025-10-01,03.36,3/11/2026 21:58:28
301,2025-10-02,03.36,3/11/2026 21:58:28
301,2025-10-03,03.36,3/11/2026 21:58:28
301,2025-10-06,03.36,3/11/2026 21:58:28
302,2025-10-01,03.36,3/11/2026 21:58:28
305,2025-10-01,03.36,3/11/2026 21:58:28
310,2025-10-01,03.36,3/11/2026 21:58:28
310,2025-10-02,03.36,3/11/2026 21:58:28
310,2025-10-03,03.36,3/11/2026 21:58:28
313,2025-10-01,03.36,3/11/2026 21:58:28
320,2025-10-01,03.36,3/11/2026 21:58:28
324,2025-10-01,03.36,3/11/2026 21:58:28
324,2025-10-02,03.36,3/11/2026 21:58:28
324,2025-10-03,03.36,3/11/2026 21:58:28
325,2025-10-01,03.36,3/11/2026 21:58:28
327,2025-10-01,03.36,3/11/2026 21:58:28
338,2025-10-01,03.36,3/11/2026 21:58:28
338,2025-10-02,03.36,3/11/2026 21:58:28
338,2025-10-03,03.36,3/11/2026 21:58:28
338,2025-10-06,03.36,3/11/2026 21:58:28
344,2025-10-01,03.36,3/11/2026 21:58:28
344,2025-10-02,03.36,3/11/2026 21:58:28
344,2025-10-03,03.36,3/11/2026 21:58:28
344,2025-10-06,03.36,3/11/2026 21:58:28
344,2025-10-07,03.36,3/11/2026 21:58:28
344,2025-10-08,03.36,3/11/2026 21:58:28
346,2025-10-01,03.36,3/11/2026 21:58:28
346,2025-10-02,03.36,3/11/2026 21:58:28
346,2025-10-03,03.36,3/11/2026 21:58:28
347,2025-10-01,03.36,3/11/2026 21:58:28
347,2025-10-02,03.36,3/11/2026 21:58:28
347,2025-10-03,03.36,3/11/2026 21:58:28
347,2025-10-06,03.36,3/11/2026 21:58:28
378,2025-10-01,03.36,3/11/2026 21:58:28
378,2025-10-02,03.36,3/11/2026 21:58:28
378,2025-10-03,03.36,3/11/2026 21:58:28
382,2025-10-01,03.36,3/11/2026 21:58:28
382,2025-10-02,03.36,3/11/2026 21:58:28
382,2025-10-03,03.36,3/11/2026 21:58:28
387,2025-10-01,03.36,3/11/2026 21:58:28
387,2025-10-02,03.36,3/11/2026 21:58:28
389,2025-10-01,03.36,3/11/2026 21:58:28
389,2025-10-02,03.36,3/11/2026 21:58:28
389,2025-10-03,03.36,3/11/2026 21:58:28
395,2025-10-01,03.36,3/11/2026 21:58:28
397,2025-10-01,03.36,3/11/2026 21:58:28
403,2025-10-01,03.36,3/11/2026 21:58:28
403,2025-10-02,03.36,3/11/2026 21:58:28
403,2025-10-03,03.36,3/11/2026 21:58:28
405,2025-10-01,03.36,3/11/2026 21:58:28
408,2025-10-01,03.36,3/11/2026 21:58:28
409,2025-10-01,03.36,3/11/2026 21:58:28
410,2025-10-01,03.36,3/11/2026 21:58:28
410,2025-10-02,03.36,3/11/2026 21:58:28
410,2025-10-03,03.36,3/11/2026 21:58:28
410,2025-10-06,03.36,3/11/2026 21:58:28
411,2025-10-01,03.36,3/11/2026 21:58:28
411,2025-10-02,03.36,3/11/2026 21:58:28
411,2025-10-03,03.36,3/11/2026 21:58:28
411,2025-10-06,03.36,3/11/2026 21:58:28
413,2025-10-01,03.36,3/11/2026 21:58:28
413,2025-10-02,03.36,3/11/2026 21:58:28
414,2025-10-01,03.36,3/11/2026 21:58:28
415,2025-10-01,03.36,3/11/2026 21:58:28
416,2025-10-01,03.36,3/11/2026 21:58:28
418,2025-10-01,03.36,3/11/2026 21:58:28
421,2025-10-01,03.36,3/11/2026 21:58:28
421,2025-10-02,03.36,3/11/2026 21:58:28
429,2025-10-01,03.36,3/11/2026 21:58:28
430,2025-10-01,03.36,3/11/2026 21:58:28
432,2025-10-01,03.36,3/11/2026 21:58:28
432,2025-10-02,03.36,3/11/2026 21:58:28
432,2025-10-03,03.36,3/11/2026 21:58:28
432,2025-10-06,03.36,3/11/2026 21:58:28
433,2025-10-01,03.36,3/11/2026 21:58:28
434,2025-10-01,03.36,3/11/2026 21:58:28
434,2025-10-02,03.36,3/11/2026 21:58:28
434,2025-10-03,03.36,3/11/2026 21:58:28
434,2025-10-06,03.36,3/11/2026 21:58:28
434,2025-10-07,03.36,3/11/2026 21:58:28
434,2025-10-08,03.36,3/11/2026 21:58:28
435,2025-10-01,03.36,3/11/2026 21:58:28
436,2025-10-01,03.36,3/11/2026 21:58:28
437,2025-10-01,03.36,3/11/2026 21:58:28
437,2025-10-02,03.36,3/11/2026 21:58:28
437,2025-10-03,03.36,3/11/2026 21:58:28
437,2025-10-06,03.36,3/11/2026 21:58:28
437,2025-10-07,03.36,3/11/2026 21:58:28
437,2025-10-08,03.36,3/11/2026 21:58:28
437,2025-10-09,03.36,3/11/2026 21:58:28
437,2025-10-10,03.36,3/11/2026 21:58:28
437,2025-10-13,03.36,3/11/2026 21:58:28
438,2025-10-01,03.36,3/11/2026 21:58:28
438,2025-10-02,03.36,3/11/2026 21:58:28
438,2025-10-03,03.36,3/11/2026 21:58:28
438,2025-10-06,03.36,3/11/2026 21:58:28
439,2025-10-01,03.36,3/11/2026 21:58:28
439,2025-10-02,03.36,3/11/2026 21:58:28
439,2025-10-03,03.36,3/11/2026 21:58:28
441,2025-10-01,03.36,3/11/2026 21:58:28
441,2025-10-02,03.36,3/11/2026 21:58:28
441,2025-10-03,03.36,3/11/2026 21:58:28
441,2025-10-06,03.36,3/11/2026 21:58:28
441,2025-10-07,03.36,3/11/2026 21:58:28
441,2025-10-08,03.36,3/11/2026 21:58:28
446,2025-10-01,03.36,3/11/2026 21:58:28
446,2025-10-02,03.36,3/11/2026 21:58:28
447,2025-10-01,03.36,3/11/2026 21:58:28
447,2025-10-02,03.36,3/11/2026 21:58:28
447,2025-10-03,03.36,3/11/2026 21:58:28
447,2025-10-06,03.36,3/11/2026 21:58:28
447,2025-10-07,03.36,3/11/2026 21:58:28
447,2025-10-08,03.36,3/11/2026 21:58:28
447,2025-10-09,03.36,3/11/2026 21:58:28
447,2025-10-10,03.36,3/11/2026 21:58:28
448,2025-10-01,03.36,3/11/2026 21:58:28
448,2025-10-02,03.36,3/11/2026 21:58:28
448,2025-10-03,03.36,3/11/2026 21:58:28
448,2025-10-06,03.36,3/11/2026 21:58:28
448,2025-10-07,03.36,3/11/2026 21:58:28
449,2025-10-01,03.36,3/11/2026 21:58:28
450,2025-10-01,03.36,3/11/2026 21:58:28
450,2025-10-02,03.36,3/11/2026 21:58:28
450,2025-10-03,03.36,3/11/2026 21:58:28
450,2025-10-06,03.36,3/11/2026 21:58:28
450,2025-10-07,03.36,3/11/2026 21:58:28
450,2025-10-08,03.36,3/11/2026 21:58:28
450,2025-10-09,03.36,3/11/2026 21:58:28
450,2025-10-10,03.36,3/11/2026 21:58:28
450,2025-10-13,03.36,3/11/2026 21:58:28
450,2025-10-14,03.36,3/11/2026 21:58:28
451,2025-10-01,03.36,3/11/2026 21:58:28
451,2025-10-02,03.36,3/11/2026 21:58:28
451,2025-10-03,03.36,3/11/2026 21:58:28
451,2025-10-06,03.36,3/11/2026 21:58:28
451,2025-10-07,03.36,3/11/2026 21:58:28
452,2025-10-01,03.36,3/11/2026 21:58:28
452,2025-10-02,03.36,3/11/2026 21:58:28
452,2025-10-03,03.36,3/11/2026 21:58:28
453,2025-10-01,03.36,3/11/2026 21:58:28
453,2025-10-02,03.36,3/11/2026 21:58:28
453,2025-10-03,03.36,3/11/2026 21:58:28
454,2025-10-01,03.36,3/11/2026 21:58:28
454,2025-10-02,03.36,3/11/2026 21:58:28
454,2025-10-03,03.36,3/11/2026 21:58:28
454,2025-10-06,03.36,3/11/2026 21:58:28
454,2025-10-07,03.36,3/11/2026 21:58:28
454,2025-10-08,03.36,3/11/2026 21:58:28
454,2025-10-09,03.36,3/11/2026 21:58:28
454,2025-10-10,03.36,3/11/2026 21:58:28
454,2025-10-13,03.36,3/11/2026 21:58:28
454,2025-10-14,03.36,3/11/2026 21:58:28
454,2025-10-15,03.36,3/11/2026 21:58:28
454,2025-10-16,03.36,3/11/2026 21:58:28
455,2025-10-01,03.36,3/11/2026 21:58:28
455,2025-10-02,03.36,3/11/2026 21:58:28
456,2025-10-01,03.36,3/11/2026 21:58:28
458,2025-10-01,03.36,3/11/2026 21:58:28
458,2025-10-02,03.36,3/11/2026 21:58:28
458,2025-10-03,03.36,3/11/2026 21:58:28
458,2025-10-06,03.36,3/11/2026 21:58:28
465,2025-10-01,03.36,3/11/2026 21:58:28
465,2025-10-02,03.36,3/11/2026 21:58:28
465,2025-10-03,03.36,3/11/2026 21:58:28
465,2025-10-06,03.36,3/11/2026 21:58:28
465,2025-10-07,03.36,3/11/2026 21:58:28
465,2025-10-08,03.36,3/11/2026 21:58:28
465,2025-10-09,03.36,3/11/2026 21:58:28
465,2025-10-10,03.36,3/11/2026 21:58:28
465,2025-10-13,03.36,3/11/2026 21:58:28
469,2025-10-01,03.36,3/11/2026 21:58:28
471,2025-10-01,03.36,3/11/2026 21:58:28
471,2025-10-02,03.36,3/11/2026 21:58:28
471,2025-10-03,03.36,3/11/2026 21:58:28
472,2025-10-01,03.36,3/11/2026 21:58:28
476,2025-10-01,03.36,3/11/2026 21:58:28
476,2025-10-02,03.36,3/11/2026 21:58:28
477,2025-10-01,03.36,3/11/2026 21:58:28
479,2025-10-01,03.36,3/11/2026 21:58:28
481,2025-10-01,03.36,3/11/2026 21:58:28
487,2025-10-01,03.36,3/11/2026 21:58:28
494,2025-10-01,03.36,3/11/2026 21:58:28
498,2025-10-01,03.36,3/11/2026 21:58:28
498,2025-10-02,03.36,3/11/2026 21:58:28
498,2025-10-03,03.36,3/11/2026 21:58:28
498,2025-10-06,03.36,3/11/2026 21:58:28
498,2025-10-07,03.36,3/11/2026 21:58:28
498,2025-10-08,03.36,3/11/2026 21:58:28
498,2025-10-09,03.36,3/11/2026 21:58:28
498,2025-10-10,03.36,3/11/2026 21:58:28
498,2025-10-13,03.36,3/11/2026 21:58:28
503,2025-10-01,03.36,3/11/2026 21:58:28
504,2025-10-01,03.36,3/11/2026 21:58:28
506,2025-10-01,03.36,3/11/2026 21:58:28
509,2025-10-01,03.36,3/11/2026 21:58:28
509,2025-10-02,03.36,3/11/2026 21:58:28
511,2025-10-01,03.36,3/11/2026 21:58:28
512,2025-10-01,03.36,3/11/2026 21:58:28
515,2025-10-01,03.36,3/11/2026 21:58:28
515,2025-10-02,03.36,3/11/2026 21:58:28
515,2025-10-03,03.36,3/11/2026 21:58:28
515,2025-10-06,03.36,3/11/2026 21:58:28
516,2025-10-01,03.36,3/11/2026 21:58:28
516,2025-10-02,03.36,3/11/2026 21:58:28
518,2025-10-01,03.36,3/11/2026 21:58:28
518,2025-10-02,03.36,3/11/2026 21:58:28
519,2025-10-01,03.36,3/11/2026 21:58:28
521,2025-10-01,03.36,3/11/2026 21:58:28
524,2025-10-01,03.36,3/11/2026 21:58:28